[
  {
    "Month": 1,
    "value": 0.812
  },
  {
    "Month": 2,
    "value": 0.543
  },
  {
    "Month": 3,
    "value": 0.555
  },
  {
    "Month": 4,
    "value": 0.667
  },
  {
    "Month": 5,
    "value": 0.689
  },
  {
    "Month": 6,
    "value": 0.89
  },
  {
    "Month": 7,
    "value": 0.7
  },
  {
    "Month": 8,
    "value": 0.75
  },
  {
    "Month": 9,
    "value": 0.899
  },
  {
    "Month": 10,
    "value": 0.634
  },
  {
    "Month": 11,
    "value": 0.522
  },
  {
    "Month": 12,
    "value": 0.563
  },
  {
    "Month": 13,
    "value": 0.678
  },
  {
    "Month": 14,
    "value": 0.779
  },
  {
    "Month": 15,
    "value": 0.834
  },
  {
    "Month": 16,
    "value": 0.856
  },
  {
    "Month": 17,
    "value": 0.898
  },
  {
    "Month": 18,
    "value": 0.672
  },
  {
    "Month": 19,
    "value": 0.899
  },
  {
    "Month": 20,
    "value": 0.901
  },
  {
    "Month": 21,
    "value": 0.934
  },
  {
    "Month": 22,
    "value": 0.966
  },
  {
    "Month": 23,
    "value": 0.796
  },
  {
    "Month": 24,
    "value": 0.853
  },
  {
    "Month": 25,
    "value": 0.789
  },
  {
    "Month": 26,
    "value": 0.923
  },
  {
    "Month": 27,
    "value": 0.966
  },
  {
    "Month": 28,
    "value": 0.823
  },
  {
    "Month": 29,
    "value": 0.856
  },
  {
    "Month": 30,
    "value": 0.911
  },
  {
    "Month": 31,
    "value": 0.656
  },
  {
    "Month": 32,
    "value": 0.514
  },
  {
    "Month": 33,
    "value": 0.756
  },
  {
    "Month": 34,
    "value": 0.749
  },
  {
    "Month": 35,
    "value": 0.823
  },
  {
    "Month": 36,
    "value": 0.86
  },
  {
    "Month": 37,
    "value": 0.923
  },
  {
    "Month": 38,
    "value": 0.965
  },
  {
    "Month": 39,
    "value": 0.782
  },
  {
    "Month": 40,
    "value": 0.911
  }
]